time,address,peers_connected,peers_good,content_count,out,in
2016-03-15_21-16-04,1MNb8vJAyyYEhmn5Lo962DttpGE7NYp4Yp,4,4,8,91,5934771
2016-03-15_21-16-04,15GAu5QYg34TLzD4b2WMpZSid9S2K6M54h,0,0,1,0,6789
2016-03-15_21-16-04,165eqHdoQfyf7CVGqtVCGNDvMBZhwVSJBL,0,0,54,17429,1895963
2016-03-15_21-16-04,1Gfey7wVXXg1rxk751TBTxLJwhddDNfcdp,0,0,1,170663684,191127493
2016-03-15_21-16-04,18LCHTNzfWRSuABmpTd2rqZG71LLcXhgHE,0,0,1,979,2415
2016-03-15_21-16-04,16LWwkDHxYzxT1XsQm3sxjG43BqzovVAJT,0,0,2,0,360846
2016-03-15_21-16-04,1Q7dKG1kLuGfUwKdwbVfC7sKo7hEF5nbEr,0,0,4,0,4525210
2016-03-15_21-16-04,1Gif7PqWTzVWDQ42Mo7np3zXmGAo3DXc7h,0,0,482,20688420,69013766
2016-03-15_21-16-04,13dFL5m6hf9e82JrBUWiTBdTtbdoHJEUM4,0,0,1,0,36506
2016-03-15_21-16-04,1K5CGPwisBNFoWRThY9ZLfeJVqN757aLke,0,0,1,0,120777
2016-03-15_21-16-04,1PLAYgDQboKojowD3kwdb3CtWmWaokXvfp,4,4,1,411054,14083080
2016-03-15_21-16-04,13rV6Z9HjvFMjioh7qUVWsaNzHDeAU3sb5,1,1,3,0,582344
2016-03-15_21-16-04,1QEsP1TSUH2qKGNXtCNhhfmmQbNMw8WZXR,0,0,1,0,393161
2016-03-15_21-16-04,1KdF3z61jUqqcfLnufJJs8MbuHwfQwjS89,0,0,5,0,416191
2016-03-15_21-16-04,1HAFn2Rg9VPtyzq7dixenHD9sekiX9Pzv3,0,0,2,0,3902611
2016-03-15_21-16-04,1K28kQFMquNzto2iQf4GGjr6oFUbC1NddE,0,0,126,1286284,5953201
2016-03-15_21-16-04,17T9yUUqAkboMP2hjwSafrHkuMgApuXAmR,0,0,3,0,1442157
2016-03-15_21-16-04,16g8mFUtLsQBM6bPMJ6xEEQWLWAufnzEXA,0,0,4,0,551553
2016-03-15_21-16-04,1NJyPoPpL8At17T6G7A1qHVQdqZDBmXcLT,0,0,46,0,286058
2016-03-15_21-16-04,1TaLkFrMwvbNsooF4ioKAY9EuxTBTjipT,0,0,1489,15440573,34892115
2016-03-15_21-16-04,163ZAwi5BcGBm6UEwdJF1pkcejDMCT1kAj,0,0,1,0,29598939
2016-03-15_21-16-04,148or6yKMeNV4qdmKyCtpaNiFAeU1cccCw,0,0,1,284758,985718
2016-03-15_21-16-04,1LtvsjbtQ2tY7SCtCZzC4KhErqEK3bXD4n,0,0,54,27992,2666926
2016-03-15_21-16-04,1PwzQR48SRYjQ5a2LAehD5QQaKnPHiQxi8,0,0,3,5356,2448232
2016-03-15_21-16-04,1Cec5T5m7woi3xdEWHZ9eV66j6BEmrE5xx,0,0,1,19139,0
2016-03-15_21-16-04,18JPEXtjZ4fxQ4BgCwCigVfTAk2opAnoD8,0,0,4,546,428005
2016-03-15_21-16-04,14y3fN1A214HYdKe5f6WnQdfT3PdKLSAJo,0,0,1,0,37173
2016-03-15_21-16-04,1NfVz57ebbUae6DiksXR88ZgwY9VY1jQiH,0,0,28,0,583803
2016-03-15_21-16-04,16Px6Jf5u2wsrrhe1opM1VwZFWqrnB9fwN,0,0,8,0,39218665
2016-03-15_21-16-04,1Name2NXVi1RDPDgf5617UoW7xA6YrhM9F,0,0,1,276168,1815161
2016-03-15_21-16-04,1F6u3BdECcupyy7mraLGsko56XUCS38DBr,0,0,1,49152,61479
2016-03-15_21-16-04,17Kom2G5qNDc6NaQwv445h1gFzxkY3ZtZe,0,0,1,0,2475590
2016-03-15_21-16-04,1EUGheuNTLTg5SBi2Dao2TkKURkwQBCSgd,0,0,6,193456,340821
2016-03-15_21-16-04,1MaiL5gfBM1cyb4a8e3iiL8L5gXmoAJu27,0,0,3367,282929188,284802462
2016-03-15_21-16-04,1Mr5rX9TauvaGReB4RjCaE6D37FJQaY5Ba,0,0,1,0,597389
2016-03-15_21-16-04,1BrodevWLcCZNwcdQK9v2FknSBUhK281oT,0,0,1,1974,19154102
2016-03-15_21-16-04,1C2JhCunGLtvyX56nQ88tcb87WnXspjWN,0,0,55,1261219,125184919
2016-03-15_21-16-04,1FhhawHHvgLg5LS1w3w7DxT8KJSPihG9Cv,0,0,1,0,65977
2016-03-15_21-16-04,1BLogC9LN4oPDcruNz3qo1ysa133E9AGg8,0,0,177,3906,4021386
2016-03-15_21-16-04,1CiAFnnf6kb2G1GzDV1FhttTWNxCa4mShn,0,0,23,3414968,4911133
2016-03-15_21-16-04,13NS3rSzCTpAYtH997rphfZDaWRypyjwnU,0,0,1,40960,3072275
2016-03-15_21-16-04,1NpNCPyBpZaGe9BdhuVAkwqVZXg8Hy7VB,0,0,24,49988,22297124
2016-03-15_21-16-04,14weBe8CQHen9U1LG4gE2bxg76QMCGsQoS,0,0,16,0,3782529
2016-03-15_21-16-04,1BasxToLP7Wadjv8VjxVXQwmneDfqpJbwg,0,0,1,0,1470321
2016-03-15_21-16-04,192dZ1EG5tU7PnCfuwGMDEBrr2eLqvs4t3,0,0,108,89903195,309993700
2016-03-15_21-16-04,13x71nc7fju6afMqpEPfcu3Gx9Z5hNhH48,0,0,15,0,13607071
2016-03-15_21-16-04,1LC3ryygCrv94ZK4Nk8ELW6vE1hKwopE8T,0,0,1,0,295744
2016-03-15_21-16-04,1B3MjcF3y7UiSMgevjnso5JVNFMz2ci2ME,0,0,1,3777707,0
2016-03-15_21-16-04,12bbAvpTQZEeWd8wQDk49fgjPCcn7Qni7M,0,0,1,0,16063921
2016-03-15_21-16-04,1HR2mJHeC1vs3XTTcX2X6BDcdRZZDNXZKV,0,0,21,1051083,2526293
2016-03-15_21-16-04,1iD5ZQJMNXu43w1qLB8sfdHVKppVMduGz,0,0,1,100494117,101590418
2016-03-15_21-16-04,17wNH5uEUyWhGT8rDrABdJrJ4udGLtC9oJ,0,0,1,0,8810
2016-03-15_21-16-04,138R53t3ZW7KDfSfxVpWUsMXgwUnsDNXLP,0,0,31,757608,3060449
2016-03-15_21-16-04,1Nepe91gkzrRbPXE1LKaAQm42ERoiAUhhu,0,0,1,0,2297638
2016-03-15_21-16-04,1Lod6THUt6v6ebZdBF2voYMk2QfvLvPm4q,0,0,1,0,14904240
2016-03-15_21-16-04,1HeLLo4uzjaLetFx6NH3PMwFP3qbRbTf3D,0,0,1,446322,893763
2016-03-15_21-16-04,1MgHVPCE1ve6QfKrgsqCURzRj72HrRWioz,0,0,60,271223,1100697
2016-03-15_21-16-04,1AJB5rtjfB9imjDGVk5vtRtZp3zgYizbpG,0,0,1,0,2399611
2016-03-15_21-16-04,1AzAFRKvba4f3yMqYCaHhW9G5rnDFrhnAn,0,0,1,3087,29456
2016-03-15_21-16-04,1Lzu3HBELK2Mp6qBmrYxum1zwxpTpDAnZA,0,0,1,0,90029
2016-03-15_21-16-04,1KQ9re46CXrBZhsHLnihgmPjBBr2b8bNKC,0,0,1,0,2122333
2016-03-15_21-16-04,17YSii8DbUZeHqgd8roo2ie23Ys11sZHBP,0,0,1,0,699826
2016-03-15_21-16-04,1BrgXu4E6jzdtvwec9oEU5Fir7355yeJF3,0,0,10,2348,448142
2016-03-15_21-16-04,1JMLq9wEG3xMs3g9uwLBWsTzTf7MofyxRX,0,0,1,0,943
2016-03-15_21-16-04,16kjT7s5mUM83uJ6cUKmkEAswJye1tEd3C,0,0,1,0,364189
2016-03-15_21-16-04,1AcGB3ooPzVd4y3QWdBx32V4gcSrjxUjUT,0,0,1,0,2831700
2016-03-15_21-16-04,17Vc4FxokFp67xxqKXR9AcfYBMjzFwgNKF,0,0,2,0,1461627
2016-03-15_21-16-04,1f7FYxZWSZ5YG7Nd8sGsHcWEQgvdnVvQF,0,0,1,379302,237335
2016-03-15_21-16-04,15duv81kQ7PvRc7KfVD9k3tYHU1KBMo7uW,0,0,1,0,35348
2016-03-15_21-16-04,16ybaY9D2XhhCk5GqjpAmBXJ7DXcsMtrkH,0,0,5,0,406402
2016-03-15_21-16-04,1NXZEk3SupketTvbRxaXCERa1E9Es9hi4a,0,0,1,0,6148938
2016-03-15_21-16-04,19DtdQZymsSBcTw1P6rwKxtEx9fpf93Qug,0,0,7,0,413642
2016-03-15_21-16-04,1Kr2j7wsM8NpQYCjgR6ccxHLuQmjdnVqD,0,0,8,0,388906
2016-03-15_21-16-04,13nELCDhPs8rT4EqF1HRGvfPPRCGELKRqD,0,0,11,0,3592952
2016-03-15_21-16-04,1ZeroeuDnL2jNS6t1epQa1SPvC91KG8ER,0,0,111,4248,1560374
2016-03-15_21-16-04,1NpCZF573u5vW6iUy7xQzFsv7zCYJysfiK,0,0,1,0,7725
2016-03-15_21-16-04,1KFARPHaH3JoXeUcjwMx3vFM5q7i1zQGav,0,0,1,0,20091
2016-03-15_21-16-04,13RhXecmBH34X44Nohf2qMogZKH7KzoG78,0,0,6,0,405843
2016-03-15_21-16-04,1DXDDPLAvZNrEg4wzsX8CJqAzZvQ9G1Rvj,0,0,4,0,379966
2016-03-15_21-16-04,1PUxGz6Z6kdSZh9KnYJLN3872cYxWMoimf,0,0,1,0,13910571
2016-03-15_21-16-04,1TaLk3zM7ZRskJvrh3ZNCDVGXvkJusPKQ,0,0,329,0,234616
2016-03-15_21-16-04,1DZpN7BRvJ4x6XrkJjQfGv1LRShsWci6Pc,0,0,7,972,429428
2016-03-15_21-16-04,1FMeSorqAS8Kq5E5XJpGGBJ8Qb2CxXhaYb,0,0,10,898661,375225
2016-03-15_21-16-04,1BCXs4U5Vjh5pE53iZ81zKVNfQRro8ZNdT,0,0,1,0,1133208
2016-03-15_21-16-04,14YfGLkqb7U36hZuPgDjhnFSimsaEfJC8d,0,0,1,0,1914
2016-03-15_21-16-04,1Apr5ba6u9Nz6eFASmFrefGvyBKkM76QgE,0,0,87,130905512,32290471
2016-03-15_21-16-04,1Vp5LH4wegCaqeB72yMw2jgNdVm4aR7ET,0,0,74,32412,2192604
2016-03-15_21-16-04,12PMGTrJoEzsdAUJntWtYM3TZrVzqp3dBP,0,0,8,13243,185728
2016-03-15_21-16-04,16rELcbeZ7GY7X8teezU2EVSdpQpc7WPjF,0,0,1,0,707187
2016-03-15_21-16-04,1CpGZyfbUBBV5uXUoY653wVoqZFRojbEzd,0,0,16,0,456639
2016-03-15_21-16-04,15JsmbWUThByzyikLDaF2R2R1fNUU22CjD,0,0,4,0,406622
2016-03-15_21-16-04,1HzKesHsWG3N96CfW9eC2aL9VKY7EDm2Zj,0,0,11,123532,8591552
2016-03-15_21-16-04,186THqMWuptrZxq1rxzpguAivK3Bs6z84o,0,0,675,1234811,3414958
2016-03-15_21-16-04,1BhTN5e9FHmE3jaWSjK2BPDiRPsq5F95bq,0,0,1,0,858
2016-03-15_21-16-04,17VFQ2Tnoa6oX94LnvDAYm7BkaMa2GxaDN,0,0,1,0,98170
2016-03-15_21-16-04,12mZD7GPDjmeBYcLtMTP1v6Lic4kzetmL5,0,0,1,0,3547
2016-03-15_21-16-04,15cFtCNHwoSd9TJhgVnncTgETzJceKYmeK,0,0,1,0,1126
2016-03-15_21-16-04,1AHd759ohsgzr4NZC7cpSu1UuxjYukhx1m,0,0,1,0,2451252
2016-03-15_21-16-04,1Ae4HEA5meVoUtVsYnS4jLP6D4Q9D6Gez1,0,0,1,0,9092
2016-03-15_21-16-04,12WY4MGfJDjuBjj692q9x4TH8S5fsfaMtm,0,0,1,0,147651
2016-03-15_21-16-04,1CGn7MNajfkAeN11bjKVG9vmDGqA8qv74S,0,0,1,0,32400
2016-03-15_21-16-04,1N9mhMhyXo4nfzuVRnWQiF328ZR4AmGEVt,0,0,2,0,1461362
2016-03-15_21-16-04,16awv1xD5Hpxc4Q3f9tsSZ9MF6sSSdqF7p,0,0,13,0,455649
2016-03-15_21-16-04,1AHdsE9EMpAqmLQ72RE7HHGr26Z3hPyuvT,0,0,5,0,34675
2016-03-15_21-16-04,1Kp5xdjQyrPth5mEJsn6NDBKZxcaeYz86N,0,0,36,16132,2409074
2016-03-15_21-16-04,1KzDGFWuVgniDVaKBdS1cY91FZBQeKbZMn,0,0,88,38072,905489
2016-03-15_21-17-04,1MNb8vJAyyYEhmn5Lo962DttpGE7NYp4Yp,4,4,8,91,5934771
2016-03-15_21-17-04,15GAu5QYg34TLzD4b2WMpZSid9S2K6M54h,3,3,1,0,6789
2016-03-15_21-17-04,165eqHdoQfyf7CVGqtVCGNDvMBZhwVSJBL,4,4,54,17429,1895963
2016-03-15_21-17-04,1Gfey7wVXXg1rxk751TBTxLJwhddDNfcdp,13,13,1,170663684,192250002
2016-03-15_21-17-04,18LCHTNzfWRSuABmpTd2rqZG71LLcXhgHE,4,4,1,979,2415
2016-03-15_21-17-04,16LWwkDHxYzxT1XsQm3sxjG43BqzovVAJT,5,6,2,0,360846
2016-03-15_21-17-04,1Q7dKG1kLuGfUwKdwbVfC7sKo7hEF5nbEr,14,14,4,0,4525210
2016-03-15_21-17-04,1Gif7PqWTzVWDQ42Mo7np3zXmGAo3DXc7h,17,17,482,20688420,69016056
2016-03-15_21-17-04,13dFL5m6hf9e82JrBUWiTBdTtbdoHJEUM4,5,5,1,0,36506
2016-03-15_21-17-04,1K5CGPwisBNFoWRThY9ZLfeJVqN757aLke,3,4,1,0,120777
2016-03-15_21-17-04,1PLAYgDQboKojowD3kwdb3CtWmWaokXvfp,6,6,1,411054,14083080
2016-03-15_21-17-04,13rV6Z9HjvFMjioh7qUVWsaNzHDeAU3sb5,6,6,3,0,582344
2016-03-15_21-17-04,1QEsP1TSUH2qKGNXtCNhhfmmQbNMw8WZXR,0,0,1,0,393161
2016-03-15_21-17-04,1KdF3z61jUqqcfLnufJJs8MbuHwfQwjS89,6,6,5,0,416191
2016-03-15_21-17-04,1HAFn2Rg9VPtyzq7dixenHD9sekiX9Pzv3,9,9,2,0,3902611
2016-03-15_21-17-04,1K28kQFMquNzto2iQf4GGjr6oFUbC1NddE,20,20,126,1286284,5969098
2016-03-15_21-17-04,17T9yUUqAkboMP2hjwSafrHkuMgApuXAmR,6,6,3,0,1442157
2016-03-15_21-17-04,16g8mFUtLsQBM6bPMJ6xEEQWLWAufnzEXA,5,5,4,0,551553
2016-03-15_21-17-04,1NJyPoPpL8At17T6G7A1qHVQdqZDBmXcLT,12,13,46,0,286058
2016-03-15_21-17-04,1TaLkFrMwvbNsooF4ioKAY9EuxTBTjipT,24,24,1489,15440573,35068345
2016-03-15_21-17-04,163ZAwi5BcGBm6UEwdJF1pkcejDMCT1kAj,7,7,1,0,29598939
2016-03-15_21-17-04,148or6yKMeNV4qdmKyCtpaNiFAeU1cccCw,4,4,1,284758,985718
2016-03-15_21-17-04,1LtvsjbtQ2tY7SCtCZzC4KhErqEK3bXD4n,15,16,54,27992,2666926
2016-03-15_21-17-04,1PwzQR48SRYjQ5a2LAehD5QQaKnPHiQxi8,9,9,3,5356,2448232
2016-03-15_21-17-04,1Cec5T5m7woi3xdEWHZ9eV66j6BEmrE5xx,1,1,1,19139,0
2016-03-15_21-17-04,18JPEXtjZ4fxQ4BgCwCigVfTAk2opAnoD8,7,7,4,546,428005
2016-03-15_21-17-04,14y3fN1A214HYdKe5f6WnQdfT3PdKLSAJo,11,11,1,0,37173
2016-03-15_21-17-04,1NfVz57ebbUae6DiksXR88ZgwY9VY1jQiH,9,9,28,0,583803
2016-03-15_21-17-04,16Px6Jf5u2wsrrhe1opM1VwZFWqrnB9fwN,3,3,8,0,39218665
2016-03-15_21-17-04,1Name2NXVi1RDPDgf5617UoW7xA6YrhM9F,16,16,1,276168,1815161
2016-03-15_21-17-04,1F6u3BdECcupyy7mraLGsko56XUCS38DBr,4,4,1,49152,61479
2016-03-15_21-17-04,17Kom2G5qNDc6NaQwv445h1gFzxkY3ZtZe,14,14,1,0,2475590
2016-03-15_21-17-04,1EUGheuNTLTg5SBi2Dao2TkKURkwQBCSgd,0,0,6,193456,340821
2016-03-15_21-17-04,1MaiL5gfBM1cyb4a8e3iiL8L5gXmoAJu27,0,0,3367,282929188,284802462
2016-03-15_21-17-04,1Mr5rX9TauvaGReB4RjCaE6D37FJQaY5Ba,0,0,1,0,597389
2016-03-15_21-17-04,1BrodevWLcCZNwcdQK9v2FknSBUhK281oT,0,0,1,1974,19154102
2016-03-15_21-17-04,1C2JhCunGLtvyX56nQ88tcb87WnXspjWN,0,0,55,1261219,125184919
2016-03-15_21-17-04,1FhhawHHvgLg5LS1w3w7DxT8KJSPihG9Cv,0,0,1,0,65977
2016-03-15_21-17-04,1BLogC9LN4oPDcruNz3qo1ysa133E9AGg8,0,0,177,3906,4021386
2016-03-15_21-17-04,1CiAFnnf6kb2G1GzDV1FhttTWNxCa4mShn,0,0,23,3414968,4911133
2016-03-15_21-17-04,13NS3rSzCTpAYtH997rphfZDaWRypyjwnU,0,0,1,40960,3072275
2016-03-15_21-17-04,1NpNCPyBpZaGe9BdhuVAkwqVZXg8Hy7VB,0,0,24,49988,22297124
2016-03-15_21-17-04,14weBe8CQHen9U1LG4gE2bxg76QMCGsQoS,0,0,16,0,3782529
2016-03-15_21-17-04,1BasxToLP7Wadjv8VjxVXQwmneDfqpJbwg,0,0,1,0,1470321
2016-03-15_21-17-04,192dZ1EG5tU7PnCfuwGMDEBrr2eLqvs4t3,0,0,108,89903195,309993700
2016-03-15_21-17-04,13x71nc7fju6afMqpEPfcu3Gx9Z5hNhH48,0,0,15,0,13607071
2016-03-15_21-17-04,1LC3ryygCrv94ZK4Nk8ELW6vE1hKwopE8T,0,0,1,0,295744
2016-03-15_21-17-04,1B3MjcF3y7UiSMgevjnso5JVNFMz2ci2ME,0,0,1,3777707,0
2016-03-15_21-17-04,12bbAvpTQZEeWd8wQDk49fgjPCcn7Qni7M,0,0,1,0,16063921
2016-03-15_21-17-04,1HR2mJHeC1vs3XTTcX2X6BDcdRZZDNXZKV,0,0,21,1051083,2526293
2016-03-15_21-17-04,1iD5ZQJMNXu43w1qLB8sfdHVKppVMduGz,0,0,1,100494117,101590418
2016-03-15_21-17-04,17wNH5uEUyWhGT8rDrABdJrJ4udGLtC9oJ,0,0,1,0,8810
2016-03-15_21-17-04,138R53t3ZW7KDfSfxVpWUsMXgwUnsDNXLP,0,0,31,757608,3060449
2016-03-15_21-17-04,1Nepe91gkzrRbPXE1LKaAQm42ERoiAUhhu,0,0,1,0,2297638
2016-03-15_21-17-04,1Lod6THUt6v6ebZdBF2voYMk2QfvLvPm4q,0,0,1,0,14904240
2016-03-15_21-17-04,1HeLLo4uzjaLetFx6NH3PMwFP3qbRbTf3D,0,0,1,446322,893763
2016-03-15_21-17-04,1MgHVPCE1ve6QfKrgsqCURzRj72HrRWioz,0,0,60,271223,1100697
2016-03-15_21-17-04,1AJB5rtjfB9imjDGVk5vtRtZp3zgYizbpG,0,0,1,0,2399611
2016-03-15_21-17-04,1AzAFRKvba4f3yMqYCaHhW9G5rnDFrhnAn,0,0,1,3087,29456
2016-03-15_21-17-04,1Lzu3HBELK2Mp6qBmrYxum1zwxpTpDAnZA,0,0,1,0,90029
2016-03-15_21-17-04,1KQ9re46CXrBZhsHLnihgmPjBBr2b8bNKC,0,0,1,0,2122333
2016-03-15_21-17-04,17YSii8DbUZeHqgd8roo2ie23Ys11sZHBP,0,0,1,0,699826
2016-03-15_21-17-04,1BrgXu4E6jzdtvwec9oEU5Fir7355yeJF3,0,0,10,2348,448142
2016-03-15_21-17-04,1JMLq9wEG3xMs3g9uwLBWsTzTf7MofyxRX,0,0,1,0,943
2016-03-15_21-17-04,16kjT7s5mUM83uJ6cUKmkEAswJye1tEd3C,0,0,1,0,364189
2016-03-15_21-17-04,1AcGB3ooPzVd4y3QWdBx32V4gcSrjxUjUT,0,0,1,0,2831700
2016-03-15_21-17-04,17Vc4FxokFp67xxqKXR9AcfYBMjzFwgNKF,0,0,2,0,1461627
2016-03-15_21-17-04,1f7FYxZWSZ5YG7Nd8sGsHcWEQgvdnVvQF,0,0,1,379302,237335
2016-03-15_21-17-04,15duv81kQ7PvRc7KfVD9k3tYHU1KBMo7uW,0,0,1,0,35348
2016-03-15_21-17-04,16ybaY9D2XhhCk5GqjpAmBXJ7DXcsMtrkH,0,0,5,0,406402
2016-03-15_21-17-04,1NXZEk3SupketTvbRxaXCERa1E9Es9hi4a,0,0,1,0,6148938
2016-03-15_21-17-04,19DtdQZymsSBcTw1P6rwKxtEx9fpf93Qug,0,0,7,0,413642
2016-03-15_21-17-04,1Kr2j7wsM8NpQYCjgR6ccxHLuQmjdnVqD,0,0,8,0,388906
2016-03-15_21-17-04,13nELCDhPs8rT4EqF1HRGvfPPRCGELKRqD,0,0,11,0,3592952
2016-03-15_21-17-04,1ZeroeuDnL2jNS6t1epQa1SPvC91KG8ER,0,0,111,4248,1560374
2016-03-15_21-17-04,1NpCZF573u5vW6iUy7xQzFsv7zCYJysfiK,0,0,1,0,7725
2016-03-15_21-17-04,1KFARPHaH3JoXeUcjwMx3vFM5q7i1zQGav,0,0,1,0,20091
2016-03-15_21-17-04,13RhXecmBH34X44Nohf2qMogZKH7KzoG78,0,0,6,0,405843
2016-03-15_21-17-04,1DXDDPLAvZNrEg4wzsX8CJqAzZvQ9G1Rvj,0,0,4,0,379966
2016-03-15_21-17-04,1PUxGz6Z6kdSZh9KnYJLN3872cYxWMoimf,0,0,1,0,13910571
2016-03-15_21-17-04,1TaLk3zM7ZRskJvrh3ZNCDVGXvkJusPKQ,0,0,329,0,234616
2016-03-15_21-17-04,1DZpN7BRvJ4x6XrkJjQfGv1LRShsWci6Pc,0,0,7,972,429428
2016-03-15_21-17-04,1FMeSorqAS8Kq5E5XJpGGBJ8Qb2CxXhaYb,0,0,10,898661,375225
2016-03-15_21-17-04,1BCXs4U5Vjh5pE53iZ81zKVNfQRro8ZNdT,0,0,1,0,1133208
2016-03-15_21-17-04,14YfGLkqb7U36hZuPgDjhnFSimsaEfJC8d,0,0,1,0,1914
2016-03-15_21-17-04,1Apr5ba6u9Nz6eFASmFrefGvyBKkM76QgE,0,0,87,130905512,32290471
2016-03-15_21-17-04,1Vp5LH4wegCaqeB72yMw2jgNdVm4aR7ET,0,0,74,32412,2192604
2016-03-15_21-17-04,12PMGTrJoEzsdAUJntWtYM3TZrVzqp3dBP,0,0,8,13243,185728
2016-03-15_21-17-04,16rELcbeZ7GY7X8teezU2EVSdpQpc7WPjF,0,0,1,0,707187
2016-03-15_21-17-04,1CpGZyfbUBBV5uXUoY653wVoqZFRojbEzd,0,0,16,0,456639
2016-03-15_21-17-04,15JsmbWUThByzyikLDaF2R2R1fNUU22CjD,0,0,4,0,406622
2016-03-15_21-17-04,1HzKesHsWG3N96CfW9eC2aL9VKY7EDm2Zj,0,0,11,123532,8591552
2016-03-15_21-17-04,186THqMWuptrZxq1rxzpguAivK3Bs6z84o,0,0,675,1234811,3414958
2016-03-15_21-17-04,1BhTN5e9FHmE3jaWSjK2BPDiRPsq5F95bq,0,0,1,0,858
2016-03-15_21-17-04,17VFQ2Tnoa6oX94LnvDAYm7BkaMa2GxaDN,0,0,1,0,98170
2016-03-15_21-17-04,12mZD7GPDjmeBYcLtMTP1v6Lic4kzetmL5,0,0,1,0,3547
2016-03-15_21-17-04,15cFtCNHwoSd9TJhgVnncTgETzJceKYmeK,0,0,1,0,1126
2016-03-15_21-17-04,1AHd759ohsgzr4NZC7cpSu1UuxjYukhx1m,0,0,1,0,2451252
2016-03-15_21-17-04,1Ae4HEA5meVoUtVsYnS4jLP6D4Q9D6Gez1,0,0,1,0,9092
2016-03-15_21-17-04,12WY4MGfJDjuBjj692q9x4TH8S5fsfaMtm,0,0,1,0,147651
2016-03-15_21-17-04,1CGn7MNajfkAeN11bjKVG9vmDGqA8qv74S,0,0,1,0,32400
2016-03-15_21-17-04,1N9mhMhyXo4nfzuVRnWQiF328ZR4AmGEVt,0,0,2,0,1461362
2016-03-15_21-17-04,16awv1xD5Hpxc4Q3f9tsSZ9MF6sSSdqF7p,0,0,13,0,455649
2016-03-15_21-17-04,1AHdsE9EMpAqmLQ72RE7HHGr26Z3hPyuvT,0,0,5,0,34675
2016-03-15_21-17-04,1Kp5xdjQyrPth5mEJsn6NDBKZxcaeYz86N,0,0,36,16132,2409074
2016-03-15_21-17-04,1KzDGFWuVgniDVaKBdS1cY91FZBQeKbZMn,0,0,88,38072,905489
2016-03-15_21-18-04,1MNb8vJAyyYEhmn5Lo962DttpGE7NYp4Yp,3,4,8,91,5934771
2016-03-15_21-18-04,15GAu5QYg34TLzD4b2WMpZSid9S2K6M54h,3,3,1,0,6789
2016-03-15_21-18-04,165eqHdoQfyf7CVGqtVCGNDvMBZhwVSJBL,4,4,54,17429,1895963
2016-03-15_21-18-04,1Gfey7wVXXg1rxk751TBTxLJwhddDNfcdp,11,13,1,170663684,192250002
2016-03-15_21-18-04,18LCHTNzfWRSuABmpTd2rqZG71LLcXhgHE,4,4,1,979,2415
2016-03-15_21-18-04,16LWwkDHxYzxT1XsQm3sxjG43BqzovVAJT,4,6,2,0,360846
2016-03-15_21-18-04,1Q7dKG1kLuGfUwKdwbVfC7sKo7hEF5nbEr,14,15,4,0,4525210
2016-03-15_21-18-04,1Gif7PqWTzVWDQ42Mo7np3zXmGAo3DXc7h,14,17,482,20688420,69016056
2016-03-15_21-18-04,13dFL5m6hf9e82JrBUWiTBdTtbdoHJEUM4,4,5,1,0,36506
2016-03-15_21-18-04,1K5CGPwisBNFoWRThY9ZLfeJVqN757aLke,1,4,1,0,120777
2016-03-15_21-18-04,1PLAYgDQboKojowD3kwdb3CtWmWaokXvfp,5,6,1,411054,14083080
2016-03-15_21-18-04,13rV6Z9HjvFMjioh7qUVWsaNzHDeAU3sb5,6,6,3,0,582344
2016-03-15_21-18-04,1QEsP1TSUH2qKGNXtCNhhfmmQbNMw8WZXR,0,0,1,0,393161
2016-03-15_21-18-04,1KdF3z61jUqqcfLnufJJs8MbuHwfQwjS89,4,6,5,0,416191
2016-03-15_21-18-04,1HAFn2Rg9VPtyzq7dixenHD9sekiX9Pzv3,8,9,2,0,3902611
2016-03-15_21-18-04,1K28kQFMquNzto2iQf4GGjr6oFUbC1NddE,21,23,126,1286284,5980453
2016-03-15_21-18-04,17T9yUUqAkboMP2hjwSafrHkuMgApuXAmR,6,7,3,0,1442157
2016-03-15_21-18-04,16g8mFUtLsQBM6bPMJ6xEEQWLWAufnzEXA,4,5,4,0,551553
2016-03-15_21-18-04,1NJyPoPpL8At17T6G7A1qHVQdqZDBmXcLT,9,11,46,0,286058
2016-03-15_21-18-04,1TaLkFrMwvbNsooF4ioKAY9EuxTBTjipT,15,15,1489,15440573,35068345
2016-03-15_21-18-04,163ZAwi5BcGBm6UEwdJF1pkcejDMCT1kAj,6,6,1,0,29598939
2016-03-15_21-18-04,148or6yKMeNV4qdmKyCtpaNiFAeU1cccCw,3,4,1,284758,985718
2016-03-15_21-18-04,1LtvsjbtQ2tY7SCtCZzC4KhErqEK3bXD4n,11,11,54,27992,2666926
2016-03-15_21-18-04,1PwzQR48SRYjQ5a2LAehD5QQaKnPHiQxi8,7,9,3,5356,2448232
2016-03-15_21-18-04,1Cec5T5m7woi3xdEWHZ9eV66j6BEmrE5xx,1,1,1,19139,0
2016-03-15_21-18-04,18JPEXtjZ4fxQ4BgCwCigVfTAk2opAnoD8,6,6,4,546,428005
2016-03-15_21-18-04,14y3fN1A214HYdKe5f6WnQdfT3PdKLSAJo,10,10,1,0,37173
2016-03-15_21-18-04,1NfVz57ebbUae6DiksXR88ZgwY9VY1jQiH,8,8,28,0,583803
2016-03-15_21-18-04,16Px6Jf5u2wsrrhe1opM1VwZFWqrnB9fwN,2,3,8,0,39218665
2016-03-15_21-18-04,1Name2NXVi1RDPDgf5617UoW7xA6YrhM9F,12,16,1,276168,1815161
2016-03-15_21-18-04,1F6u3BdECcupyy7mraLGsko56XUCS38DBr,3,4,1,49152,61479
2016-03-15_21-18-04,17Kom2G5qNDc6NaQwv445h1gFzxkY3ZtZe,11,14,1,0,2475590
2016-03-15_21-18-04,1EUGheuNTLTg5SBi2Dao2TkKURkwQBCSgd,1,1,6,193456,340821
2016-03-15_21-18-04,1MaiL5gfBM1cyb4a8e3iiL8L5gXmoAJu27,20,24,3369,282929188,284807056
2016-03-15_21-18-04,1Mr5rX9TauvaGReB4RjCaE6D37FJQaY5Ba,12,15,1,0,597389
2016-03-15_21-18-04,1BrodevWLcCZNwcdQK9v2FknSBUhK281oT,7,9,1,1974,19154102
2016-03-15_21-18-04,1C2JhCunGLtvyX56nQ88tcb87WnXspjWN,18,22,55,1261219,127141599
2016-03-15_21-18-04,1FhhawHHvgLg5LS1w3w7DxT8KJSPihG9Cv,7,11,1,0,65977
2016-03-15_21-18-04,1BLogC9LN4oPDcruNz3qo1ysa133E9AGg8,18,20,177,3906,4021386
2016-03-15_21-18-04,1CiAFnnf6kb2G1GzDV1FhttTWNxCa4mShn,11,14,23,3414968,4911133
2016-03-15_21-18-04,13NS3rSzCTpAYtH997rphfZDaWRypyjwnU,7,8,1,40960,3072275
2016-03-15_21-18-04,1NpNCPyBpZaGe9BdhuVAkwqVZXg8Hy7VB,13,14,24,49988,22297124
2016-03-15_21-18-04,14weBe8CQHen9U1LG4gE2bxg76QMCGsQoS,10,11,16,0,3782529
2016-03-15_21-18-04,1BasxToLP7Wadjv8VjxVXQwmneDfqpJbwg,5,6,1,0,1470321
2016-03-15_21-18-04,192dZ1EG5tU7PnCfuwGMDEBrr2eLqvs4t3,24,28,108,89903195,309993700
2016-03-15_21-18-04,13x71nc7fju6afMqpEPfcu3Gx9Z5hNhH48,8,10,15,0,13607071
2016-03-15_21-18-04,1LC3ryygCrv94ZK4Nk8ELW6vE1hKwopE8T,11,12,1,0,295744
2016-03-15_21-18-04,1B3MjcF3y7UiSMgevjnso5JVNFMz2ci2ME,1,1,1,3777707,0
2016-03-15_21-18-04,12bbAvpTQZEeWd8wQDk49fgjPCcn7Qni7M,3,3,1,0,16063921
2016-03-15_21-18-04,1HR2mJHeC1vs3XTTcX2X6BDcdRZZDNXZKV,14,17,21,1051083,2526293
2016-03-15_21-18-04,1iD5ZQJMNXu43w1qLB8sfdHVKppVMduGz,22,24,1,100494117,103844589
2016-03-15_21-18-04,17wNH5uEUyWhGT8rDrABdJrJ4udGLtC9oJ,7,8,1,0,8810
2016-03-15_21-18-04,138R53t3ZW7KDfSfxVpWUsMXgwUnsDNXLP,14,14,31,757608,3060449
2016-03-15_21-18-04,1Nepe91gkzrRbPXE1LKaAQm42ERoiAUhhu,5,5,1,0,2297638
2016-03-15_21-18-04,1Lod6THUt6v6ebZdBF2voYMk2QfvLvPm4q,9,9,1,0,14904240
2016-03-15_21-18-04,1HeLLo4uzjaLetFx6NH3PMwFP3qbRbTf3D,15,15,1,446322,893763
2016-03-15_21-18-04,1MgHVPCE1ve6QfKrgsqCURzRj72HrRWioz,15,15,60,271223,1100697
2016-03-15_21-18-04,1AJB5rtjfB9imjDGVk5vtRtZp3zgYizbpG,13,13,1,0,2399611
2016-03-15_21-18-04,1AzAFRKvba4f3yMqYCaHhW9G5rnDFrhnAn,7,7,1,3087,29456
2016-03-15_21-18-04,1Lzu3HBELK2Mp6qBmrYxum1zwxpTpDAnZA,8,8,1,0,90029
2016-03-15_21-18-04,1KQ9re46CXrBZhsHLnihgmPjBBr2b8bNKC,8,8,1,0,2122333
2016-03-15_21-18-04,17YSii8DbUZeHqgd8roo2ie23Ys11sZHBP,0,0,1,0,699826
2016-03-15_21-18-04,1BrgXu4E6jzdtvwec9oEU5Fir7355yeJF3,10,10,10,2348,448142
2016-03-15_21-18-04,1JMLq9wEG3xMs3g9uwLBWsTzTf7MofyxRX,0,0,1,0,943
2016-03-15_21-18-04,16kjT7s5mUM83uJ6cUKmkEAswJye1tEd3C,0,0,1,0,364189
2016-03-15_21-18-04,1AcGB3ooPzVd4y3QWdBx32V4gcSrjxUjUT,0,0,1,0,2831700
2016-03-15_21-18-04,17Vc4FxokFp67xxqKXR9AcfYBMjzFwgNKF,0,0,2,0,1461627
2016-03-15_21-18-04,1f7FYxZWSZ5YG7Nd8sGsHcWEQgvdnVvQF,0,0,1,379302,237335
2016-03-15_21-18-04,15duv81kQ7PvRc7KfVD9k3tYHU1KBMo7uW,0,0,1,0,35348
2016-03-15_21-18-04,16ybaY9D2XhhCk5GqjpAmBXJ7DXcsMtrkH,0,0,5,0,406402
2016-03-15_21-18-04,1NXZEk3SupketTvbRxaXCERa1E9Es9hi4a,0,0,1,0,6148938
2016-03-15_21-18-04,19DtdQZymsSBcTw1P6rwKxtEx9fpf93Qug,0,0,7,0,413642
2016-03-15_21-18-04,1Kr2j7wsM8NpQYCjgR6ccxHLuQmjdnVqD,0,0,8,0,388906
2016-03-15_21-18-04,13nELCDhPs8rT4EqF1HRGvfPPRCGELKRqD,0,0,11,0,3592952
2016-03-15_21-18-04,1ZeroeuDnL2jNS6t1epQa1SPvC91KG8ER,0,0,111,4248,1560374
2016-03-15_21-18-04,1NpCZF573u5vW6iUy7xQzFsv7zCYJysfiK,0,0,1,0,7725
2016-03-15_21-18-04,1KFARPHaH3JoXeUcjwMx3vFM5q7i1zQGav,0,0,1,0,20091
2016-03-15_21-18-04,13RhXecmBH34X44Nohf2qMogZKH7KzoG78,0,0,6,0,405843
2016-03-15_21-18-04,1DXDDPLAvZNrEg4wzsX8CJqAzZvQ9G1Rvj,0,0,4,0,379966
2016-03-15_21-18-04,1PUxGz6Z6kdSZh9KnYJLN3872cYxWMoimf,0,0,1,0,13910571
2016-03-15_21-18-04,1TaLk3zM7ZRskJvrh3ZNCDVGXvkJusPKQ,0,0,329,0,234616
2016-03-15_21-18-04,1DZpN7BRvJ4x6XrkJjQfGv1LRShsWci6Pc,0,0,7,972,429428
2016-03-15_21-18-04,1FMeSorqAS8Kq5E5XJpGGBJ8Qb2CxXhaYb,0,0,10,898661,375225
2016-03-15_21-18-04,1BCXs4U5Vjh5pE53iZ81zKVNfQRro8ZNdT,0,0,1,0,1133208
2016-03-15_21-18-04,14YfGLkqb7U36hZuPgDjhnFSimsaEfJC8d,0,0,1,0,1914
2016-03-15_21-18-04,1Apr5ba6u9Nz6eFASmFrefGvyBKkM76QgE,0,0,87,130905512,32290471
2016-03-15_21-18-04,1Vp5LH4wegCaqeB72yMw2jgNdVm4aR7ET,0,0,74,32412,2192604
2016-03-15_21-18-04,12PMGTrJoEzsdAUJntWtYM3TZrVzqp3dBP,0,0,8,13243,185728
2016-03-15_21-18-04,16rELcbeZ7GY7X8teezU2EVSdpQpc7WPjF,0,0,1,0,707187
2016-03-15_21-18-04,1CpGZyfbUBBV5uXUoY653wVoqZFRojbEzd,0,0,16,0,456639
2016-03-15_21-18-04,15JsmbWUThByzyikLDaF2R2R1fNUU22CjD,0,0,4,0,406622
2016-03-15_21-18-04,1HzKesHsWG3N96CfW9eC2aL9VKY7EDm2Zj,0,0,11,123532,8591552
2016-03-15_21-18-04,186THqMWuptrZxq1rxzpguAivK3Bs6z84o,0,0,675,1234811,3414958
2016-03-15_21-18-04,1BhTN5e9FHmE3jaWSjK2BPDiRPsq5F95bq,0,0,1,0,858
2016-03-15_21-18-04,17VFQ2Tnoa6oX94LnvDAYm7BkaMa2GxaDN,0,0,1,0,98170
2016-03-15_21-18-04,12mZD7GPDjmeBYcLtMTP1v6Lic4kzetmL5,0,0,1,0,3547
2016-03-15_21-18-04,15cFtCNHwoSd9TJhgVnncTgETzJceKYmeK,0,0,1,0,1126
2016-03-15_21-18-04,1AHd759ohsgzr4NZC7cpSu1UuxjYukhx1m,0,0,1,0,2451252
2016-03-15_21-18-04,1Ae4HEA5meVoUtVsYnS4jLP6D4Q9D6Gez1,0,0,1,0,9092
2016-03-15_21-18-04,12WY4MGfJDjuBjj692q9x4TH8S5fsfaMtm,0,0,1,0,147651
2016-03-15_21-18-04,1CGn7MNajfkAeN11bjKVG9vmDGqA8qv74S,0,0,1,0,32400
2016-03-15_21-18-04,1N9mhMhyXo4nfzuVRnWQiF328ZR4AmGEVt,0,0,2,0,1461362
2016-03-15_21-18-04,16awv1xD5Hpxc4Q3f9tsSZ9MF6sSSdqF7p,0,0,13,0,455649
2016-03-15_21-18-04,1AHdsE9EMpAqmLQ72RE7HHGr26Z3hPyuvT,0,0,5,0,34675
2016-03-15_21-18-04,1Kp5xdjQyrPth5mEJsn6NDBKZxcaeYz86N,0,0,36,16132,2409074
2016-03-15_21-18-04,1KzDGFWuVgniDVaKBdS1cY91FZBQeKbZMn,0,0,88,38072,905489
2016-03-15_21-19-04,1MNb8vJAyyYEhmn5Lo962DttpGE7NYp4Yp,3,4,8,91,5934771
2016-03-15_21-19-04,15GAu5QYg34TLzD4b2WMpZSid9S2K6M54h,3,3,1,0,6789
2016-03-15_21-19-04,165eqHdoQfyf7CVGqtVCGNDvMBZhwVSJBL,4,4,54,17429,1895963
2016-03-15_21-19-04,1Gfey7wVXXg1rxk751TBTxLJwhddDNfcdp,11,13,1,170663684,192250002
2016-03-15_21-19-04,18LCHTNzfWRSuABmpTd2rqZG71LLcXhgHE,4,4,1,979,2415
2016-03-15_21-19-04,16LWwkDHxYzxT1XsQm3sxjG43BqzovVAJT,4,6,2,0,360846
2016-03-15_21-19-04,1Q7dKG1kLuGfUwKdwbVfC7sKo7hEF5nbEr,16,18,4,0,4525210
2016-03-15_21-19-04,1Gif7PqWTzVWDQ42Mo7np3zXmGAo3DXc7h,14,17,482,20688420,69016056
2016-03-15_21-19-04,13dFL5m6hf9e82JrBUWiTBdTtbdoHJEUM4,4,5,1,0,36506
2016-03-15_21-19-04,1K5CGPwisBNFoWRThY9ZLfeJVqN757aLke,1,4,1,0,120777
2016-03-15_21-19-04,1PLAYgDQboKojowD3kwdb3CtWmWaokXvfp,5,6,1,411054,14083080
2016-03-15_21-19-04,13rV6Z9HjvFMjioh7qUVWsaNzHDeAU3sb5,6,6,3,0,582344
2016-03-15_21-19-04,1QEsP1TSUH2qKGNXtCNhhfmmQbNMw8WZXR,0,0,1,0,393161
2016-03-15_21-19-04,1KdF3z61jUqqcfLnufJJs8MbuHwfQwjS89,4,6,5,0,416191
2016-03-15_21-19-04,1HAFn2Rg9VPtyzq7dixenHD9sekiX9Pzv3,8,9,2,0,3902611
2016-03-15_21-19-04,1K28kQFMquNzto2iQf4GGjr6oFUbC1NddE,20,23,126,1286284,5980453
2016-03-15_21-19-04,17T9yUUqAkboMP2hjwSafrHkuMgApuXAmR,6,7,3,0,1442157
2016-03-15_21-19-04,16g8mFUtLsQBM6bPMJ6xEEQWLWAufnzEXA,4,5,4,0,551553
2016-03-15_21-19-04,1NJyPoPpL8At17T6G7A1qHVQdqZDBmXcLT,9,11,46,0,286058
2016-03-15_21-19-04,1TaLkFrMwvbNsooF4ioKAY9EuxTBTjipT,15,15,1489,15440573,35068345
2016-03-15_21-19-04,163ZAwi5BcGBm6UEwdJF1pkcejDMCT1kAj,6,6,1,0,29598939
2016-03-15_21-19-04,148or6yKMeNV4qdmKyCtpaNiFAeU1cccCw,3,4,1,284758,985718
2016-03-15_21-19-04,1LtvsjbtQ2tY7SCtCZzC4KhErqEK3bXD4n,11,11,54,27992,2666926
2016-03-15_21-19-04,1PwzQR48SRYjQ5a2LAehD5QQaKnPHiQxi8,7,9,3,5356,2448232
2016-03-15_21-19-04,1Cec5T5m7woi3xdEWHZ9eV66j6BEmrE5xx,1,1,1,19139,0
2016-03-15_21-19-04,18JPEXtjZ4fxQ4BgCwCigVfTAk2opAnoD8,6,6,4,546,428005
2016-03-15_21-19-04,14y3fN1A214HYdKe5f6WnQdfT3PdKLSAJo,10,10,1,0,37173
2016-03-15_21-19-04,1NfVz57ebbUae6DiksXR88ZgwY9VY1jQiH,8,8,28,0,583803
2016-03-15_21-19-04,16Px6Jf5u2wsrrhe1opM1VwZFWqrnB9fwN,2,3,8,0,39218665
2016-03-15_21-19-04,1Name2NXVi1RDPDgf5617UoW7xA6YrhM9F,11,16,1,276168,1815161
2016-03-15_21-19-04,1F6u3BdECcupyy7mraLGsko56XUCS38DBr,2,4,1,49152,61479
2016-03-15_21-19-04,17Kom2G5qNDc6NaQwv445h1gFzxkY3ZtZe,10,14,1,0,2475590
2016-03-15_21-19-04,1EUGheuNTLTg5SBi2Dao2TkKURkwQBCSgd,1,1,6,193456,340821
2016-03-15_21-19-04,1MaiL5gfBM1cyb4a8e3iiL8L5gXmoAJu27,20,24,3369,282929188,284807056
2016-03-15_21-19-04,1Mr5rX9TauvaGReB4RjCaE6D37FJQaY5Ba,12,15,1,0,597389
2016-03-15_21-19-04,1BrodevWLcCZNwcdQK9v2FknSBUhK281oT,7,9,1,1974,19154102
2016-03-15_21-19-04,1C2JhCunGLtvyX56nQ88tcb87WnXspjWN,17,22,55,1261219,127141599
2016-03-15_21-19-04,1FhhawHHvgLg5LS1w3w7DxT8KJSPihG9Cv,7,11,1,0,65977
2016-03-15_21-19-04,1BLogC9LN4oPDcruNz3qo1ysa133E9AGg8,17,20,177,3906,4021386
2016-03-15_21-19-04,1CiAFnnf6kb2G1GzDV1FhttTWNxCa4mShn,11,14,23,3414968,4911133
2016-03-15_21-19-04,13NS3rSzCTpAYtH997rphfZDaWRypyjwnU,7,8,1,40960,3072275
2016-03-15_21-19-04,1NpNCPyBpZaGe9BdhuVAkwqVZXg8Hy7VB,12,14,24,49988,22297124
2016-03-15_21-19-04,14weBe8CQHen9U1LG4gE2bxg76QMCGsQoS,10,11,16,0,3782529
2016-03-15_21-19-04,1BasxToLP7Wadjv8VjxVXQwmneDfqpJbwg,5,6,1,0,1470321
2016-03-15_21-19-04,192dZ1EG5tU7PnCfuwGMDEBrr2eLqvs4t3,29,34,108,89903195,309993700
2016-03-15_21-19-04,13x71nc7fju6afMqpEPfcu3Gx9Z5hNhH48,8,10,15,0,13607071
2016-03-15_21-19-04,1LC3ryygCrv94ZK4Nk8ELW6vE1hKwopE8T,11,12,1,0,295744
2016-03-15_21-19-04,1B3MjcF3y7UiSMgevjnso5JVNFMz2ci2ME,1,1,1,3777707,0
2016-03-15_21-19-04,12bbAvpTQZEeWd8wQDk49fgjPCcn7Qni7M,3,3,1,0,16063921
2016-03-15_21-19-04,1HR2mJHeC1vs3XTTcX2X6BDcdRZZDNXZKV,12,17,21,1051083,2526293
2016-03-15_21-19-04,1iD5ZQJMNXu43w1qLB8sfdHVKppVMduGz,21,23,1,100494117,103844589
2016-03-15_21-19-04,17wNH5uEUyWhGT8rDrABdJrJ4udGLtC9oJ,7,8,1,0,8810
2016-03-15_21-19-04,138R53t3ZW7KDfSfxVpWUsMXgwUnsDNXLP,13,14,31,757608,3060449
2016-03-15_21-19-04,1Nepe91gkzrRbPXE1LKaAQm42ERoiAUhhu,4,5,1,0,2297638
2016-03-15_21-19-04,1Lod6THUt6v6ebZdBF2voYMk2QfvLvPm4q,9,9,1,0,14904240
2016-03-15_21-19-04,1HeLLo4uzjaLetFx6NH3PMwFP3qbRbTf3D,14,15,1,446322,893763
2016-03-15_21-19-04,1MgHVPCE1ve6QfKrgsqCURzRj72HrRWioz,14,15,60,271223,1100697
2016-03-15_21-19-04,1AJB5rtjfB9imjDGVk5vtRtZp3zgYizbpG,15,15,1,0,2399611
2016-03-15_21-19-04,1AzAFRKvba4f3yMqYCaHhW9G5rnDFrhnAn,7,7,1,3087,29456
2016-03-15_21-19-04,1Lzu3HBELK2Mp6qBmrYxum1zwxpTpDAnZA,8,8,1,0,90029
2016-03-15_21-19-04,1KQ9re46CXrBZhsHLnihgmPjBBr2b8bNKC,7,8,1,0,2122333
2016-03-15_21-19-04,17YSii8DbUZeHqgd8roo2ie23Ys11sZHBP,4,4,1,0,699826
2016-03-15_21-19-04,1BrgXu4E6jzdtvwec9oEU5Fir7355yeJF3,9,9,10,2348,448142
2016-03-15_21-19-04,1JMLq9wEG3xMs3g9uwLBWsTzTf7MofyxRX,5,6,1,0,943
2016-03-15_21-19-04,16kjT7s5mUM83uJ6cUKmkEAswJye1tEd3C,6,6,1,0,364189
2016-03-15_21-19-04,1AcGB3ooPzVd4y3QWdBx32V4gcSrjxUjUT,1,2,1,0,2831700
2016-03-15_21-19-04,17Vc4FxokFp67xxqKXR9AcfYBMjzFwgNKF,6,6,2,0,1461627
2016-03-15_21-19-04,1f7FYxZWSZ5YG7Nd8sGsHcWEQgvdnVvQF,17,20,1,379302,237335
2016-03-15_21-19-04,15duv81kQ7PvRc7KfVD9k3tYHU1KBMo7uW,6,7,1,0,35348
2016-03-15_21-19-04,16ybaY9D2XhhCk5GqjpAmBXJ7DXcsMtrkH,4,5,5,0,406402
2016-03-15_21-19-04,1NXZEk3SupketTvbRxaXCERa1E9Es9hi4a,9,9,1,0,6148938
2016-03-15_21-19-04,19DtdQZymsSBcTw1P6rwKxtEx9fpf93Qug,6,7,7,0,413642
2016-03-15_21-19-04,1Kr2j7wsM8NpQYCjgR6ccxHLuQmjdnVqD,6,7,8,0,388906
2016-03-15_21-19-04,13nELCDhPs8rT4EqF1HRGvfPPRCGELKRqD,6,7,11,0,3592952
2016-03-15_21-19-04,1ZeroeuDnL2jNS6t1epQa1SPvC91KG8ER,26,26,111,4248,1562170
2016-03-15_21-19-04,1NpCZF573u5vW6iUy7xQzFsv7zCYJysfiK,9,9,1,0,7725
2016-03-15_21-19-04,1KFARPHaH3JoXeUcjwMx3vFM5q7i1zQGav,7,7,1,0,20091
2016-03-15_21-19-04,13RhXecmBH34X44Nohf2qMogZKH7KzoG78,5,5,6,0,405843
2016-03-15_21-19-04,1DXDDPLAvZNrEg4wzsX8CJqAzZvQ9G1Rvj,8,8,4,0,379966
2016-03-15_21-19-04,1PUxGz6Z6kdSZh9KnYJLN3872cYxWMoimf,5,6,1,0,13910571
2016-03-15_21-19-04,1TaLk3zM7ZRskJvrh3ZNCDVGXvkJusPKQ,5,5,329,0,234616
2016-03-15_21-19-04,1DZpN7BRvJ4x6XrkJjQfGv1LRShsWci6Pc,10,10,7,972,429428
2016-03-15_21-19-04,1FMeSorqAS8Kq5E5XJpGGBJ8Qb2CxXhaYb,8,9,10,898661,375225
2016-03-15_21-19-04,1BCXs4U5Vjh5pE53iZ81zKVNfQRro8ZNdT,16,17,1,0,1133208
2016-03-15_21-19-04,14YfGLkqb7U36hZuPgDjhnFSimsaEfJC8d,3,4,1,0,1914
2016-03-15_21-19-04,1Apr5ba6u9Nz6eFASmFrefGvyBKkM76QgE,17,17,87,130905512,32290471
2016-03-15_21-19-04,1Vp5LH4wegCaqeB72yMw2jgNdVm4aR7ET,16,16,74,32412,2192604
2016-03-15_21-19-04,12PMGTrJoEzsdAUJntWtYM3TZrVzqp3dBP,5,5,8,13243,185728
2016-03-15_21-19-04,16rELcbeZ7GY7X8teezU2EVSdpQpc7WPjF,13,13,1,0,707187
2016-03-15_21-19-04,1CpGZyfbUBBV5uXUoY653wVoqZFRojbEzd,15,15,16,0,456639
2016-03-15_21-19-04,15JsmbWUThByzyikLDaF2R2R1fNUU22CjD,7,7,4,0,406622
2016-03-15_21-19-04,1HzKesHsWG3N96CfW9eC2aL9VKY7EDm2Zj,0,0,11,123532,8591552
2016-03-15_21-19-04,186THqMWuptrZxq1rxzpguAivK3Bs6z84o,26,26,675,1234811,3414958
2016-03-15_21-19-04,1BhTN5e9FHmE3jaWSjK2BPDiRPsq5F95bq,0,0,1,0,858
2016-03-15_21-19-04,17VFQ2Tnoa6oX94LnvDAYm7BkaMa2GxaDN,0,0,1,0,98170
2016-03-15_21-19-04,12mZD7GPDjmeBYcLtMTP1v6Lic4kzetmL5,0,0,1,0,3547
2016-03-15_21-19-04,15cFtCNHwoSd9TJhgVnncTgETzJceKYmeK,0,0,1,0,1126
2016-03-15_21-19-04,1AHd759ohsgzr4NZC7cpSu1UuxjYukhx1m,0,0,1,0,2451252
2016-03-15_21-19-04,1Ae4HEA5meVoUtVsYnS4jLP6D4Q9D6Gez1,0,0,1,0,9092
2016-03-15_21-19-04,12WY4MGfJDjuBjj692q9x4TH8S5fsfaMtm,0,0,1,0,147651
2016-03-15_21-19-04,1CGn7MNajfkAeN11bjKVG9vmDGqA8qv74S,0,0,1,0,32400
2016-03-15_21-19-04,1N9mhMhyXo4nfzuVRnWQiF328ZR4AmGEVt,0,0,2,0,1461362
2016-03-15_21-19-04,16awv1xD5Hpxc4Q3f9tsSZ9MF6sSSdqF7p,0,0,13,0,455649
2016-03-15_21-19-04,1AHdsE9EMpAqmLQ72RE7HHGr26Z3hPyuvT,0,0,5,0,34675
2016-03-15_21-19-04,1Kp5xdjQyrPth5mEJsn6NDBKZxcaeYz86N,0,0,36,16132,2409074
2016-03-15_21-19-04,1KzDGFWuVgniDVaKBdS1cY91FZBQeKbZMn,0,0,88,38072,905489
